{"cameraMode":{"drawMode":0,"name":"Shaded","section":"Shading Mode"},"sceneLighting":false,"audioPlay":false,"sceneViewState":{"m_AlwaysRefresh":false,"showFog":true,"showSkybox":false,"showFlares":true,"showImageEffects":true,"showParticleSystems":true,"showVisualEffectGraphs":true,"m_FxEnabled":true},"in2DMode":false,"pivot":{"x":1.5063607692718506,"y":-3.6469614505767824,"z":0.3175419569015503},"rotation":{"x":0.2647060453891754,"y":0.211914524435997,"z":-0.059754762798547748,"w":0.9388667345046997},"size":5.9342451095581059,"orthographic":false}